{
  "low_cube_threshold": 2.178473367568514,
  "pile_threshold": 2.68526489298079
}