{
  "gap_weight": 1.5590490252159122,
  "extension_gap": 1.517541673225752,
  "pile_threshold": 4.980977761728537
}