{
  "yolo_chance": 0.15614236791037234,
  "pay_chance": 0.9273145749602332
}